subject_id,MFD_true,MFD_SD_true,MFD_false,MFD_SD_false,MSA_true,MSA_SD_true,MSA_false,MSA_SD_false,MFD_overall,MFD_overall_SD,MSA_overall,MSA_overall_SD
s5,0.21891944444444442,0.037070354678471244,0.2532189393939394,0.03508018926941736,6.211526501867937,2.025870839516548,6.520381402641416,2.293132962511821,0.2360691919191919,0.036075271973944306,6.365953952254676,2.1595019010141847
s15,0.17424105642256907,0.016661346501820558,0.19012010006901311,0.03673628736550131,5.571616255867097,1.6066717448042769,5.55248340479551,2.3913554032089173,0.1821805782457911,0.026698816933660934,5.562049830331303,1.999013574006597
s25,0.19798941798941802,0.007788895340455057,0.21624931972789116,0.05082704779145795,9.62996648593392,1.7507960742604327,9.159627467519627,2.392757628092447,0.2071193688586546,0.029307971565956503,9.394796976726774,2.07177685117644
s1,0.22027708333333332,0.02658769414300196,0.22241468253968252,0.040786489454637524,8.891775141160231,3.143959704035119,7.551596402520114,1.0986681208571232,0.22134588293650792,0.03368709179881974,8.221685771840173,2.121313912446121
s11,0.2908388888888888,0.043496143578170686,0.28554583333333333,0.05144675696371283,9.637093247940532,2.6668516171559693,7.616293869705549,2.2735075504249247,0.2881923611111111,0.047471450270941754,8.62669355882304,2.470179583790447
s21,0.4273577380952381,0.14473707854773582,0.36757743578643576,0.10863529215329887,4.684877821994024,0.9807038942262394,6.638897694173461,2.3803416668340738,0.39746758694083695,0.12668618535051734,5.661887758083743,1.6805227805301566
