subject_id,MFD_true,MFD_SD_true,MFD_false,MFD_SD_false,MSA_true,MSA_SD_true,MSA_false,MSA_SD_false,MFD_overall,MFD_overall_SD,MSA_overall,MSA_overall_SD
s5,0.2833923611111111,0.05328740551315387,0.3122356060606061,0.04348340049458051,4.190431414342244,1.4943188280909785,4.44957752793372,1.2004779363332112,0.2978139835858586,0.04838540300386719,4.320004471137983,1.347398382212095
s15,0.3315178571428571,0.05865599477282024,0.35391107660455484,0.11045175647331003,5.971511569487405,1.4168199977754938,5.60684647817966,2.4917791712867263,0.342714466873706,0.08455387562306513,5.789179023833533,1.95429958453111
s25,0.2763166666666667,0.05005780547416048,0.26645357142857146,0.04603136274642015,8.472766120174862,0.8507453806190818,5.2704574640396,4.03204291335999,0.2713851190476191,0.04804458411029031,6.871611792107231,2.441394146989536
s1,0.3107488095238095,0.02615205089771091,0.27107301587301585,0.027283776767133245,7.528371345350152,1.2177309828225056,7.7962571270387775,2.227531348530939,0.2909109126984127,0.02671791383242208,7.662314236194465,1.7226311656767224
s11,0.34452777777777777,0.06273531011960067,0.366375,0.03931503370213486,9.193285301440985,2.8150444089194235,4.981749953848443,1.3212637479191893,0.3554513888888889,0.051025171910867764,7.087517627644714,2.0681540784193064
s21,0.6694027777777777,0.26065416910518346,0.46305965151515155,0.1347257243206459,4.429640477538451,1.1017073389983922,6.2416572947309445,3.8133462142879457,0.5662312146464646,0.19768994671291468,5.335648886134697,2.457526776643169
